spotify_id,song,artist
0WNvDswphWsmGIgO8tB8HP,1’s For Ya,112
2PGaYCles9SXXCjYOcjyfk,Too Much To Think,311
79bmFiI99TtJtJeTgLnkON,Places That the Mind Goes,311
3iJGDkpmZuJv8diAUm6e4X,Gap,311
2p4A9ldg4Q5U8fyHQNrc6u,Bomb the Town,311
4X5AOZrw0Ff9quWzmr8ftt,Sunset in July,311
5XVHRFwT8TdDtABWYV9mhe,Long For The Flowers,311
7BMsdMOIzoBwTzKn1qCNOc,Getting Through To Her,311
5m2KEaQbDf3OQRiuGG9YtJ,Wake Your Mind Up,311
3VP2BG499sqKXo3f0Cct7J,Freeze Time,311
0Ad93Ruu1wGsmwOKa3at9f,Inner Light Spectrum,311
1wAUM8F740gEZTyUiafTF3,Use Of Time,311
2ts6qEpY0uRs8899sIpjfn,Don't Go Breaking My Heart,702
2ELqO1C2U6vhg1BfYp7QhG,Polka Face,"""Weird Al"" Yankovic"
0dHucIuRYXSyl8f5nhewux,Stop Forwarding That Crap to Me,"""Weird Al"" Yankovic"
2atAKRdZxGmXdaI9I6YN06,Pancreas,"""Weird Al"" Yankovic"
1laOHvnWEgzbS1TTKxvr3D,Pancreas,"""Weird Al"" Yankovic"
4FGHfwMHfsml5VJbrD2ARk,Polkarama!,"""Weird Al"" Yankovic"
6h77X5H4dP9l2jzG92vVv0,The Alternative Polka,"""Weird Al"" Yankovic"
6VFKlX5qzxwmIiezqeqNYG,Meet Mr. NICEGUY,$uicideBoy$
2lksym6624gUVDHXTsCVQe,Ordo (ab Chao),(hed) p.e.
3T8NLa7YUBp2YdXPUAWS03,Renegade,(hed) p.e.
7pfy9rf1vCLPryc9Qgbsuq,The Chosen One,(hed) p.e.
19q2AgZEvcOeqigqAGLlHP,Paralyzing Kings,10 Years
4zVKnKB8j25leIrMINbRxm,Baptized in Fire - Bonus Track,10 Years
3kf8WIV8jPRbfewjOrCNCt,Soma - Acoustic Bonus Track,10 Years
0XCPGY6eXl4tOswUL0EQAI,Fade Into (The Ocean),10 Years
3QFt61IkMjBd1kcftlMDVG,Silhouette Of A Life,10 Years
1dbvYK3hUrXYlFCJhDKn8q,Lazy Ways,10cc
7aw2tIzAuLMBUGFevGSBN3,Rock'N'Roll Lullaby,10cc
2QuhQtkWjIgUnD0osMVxmQ,The Worst Band In The World,10cc
2wJ3sbNqiINIRW3beIqQUe,Clockwork Creep,10cc
4GD5azfrLG4PBLKdhonYFJ,Bulletproof,12 Stones
5x6aZ5H0uCZSLD0U07ExdI,For The Night,12 Stones
4BUtPf5ZQL0cFauT1CAUye,I'm With You,12 Stones
5qCcAZ39MJCzrlOPlHwvSm,Rolls Royce Weather Every Day,2 Chainz
51qLC3ISB1Lij4d1ZIfycR,Stop Me Now,2 Chainz
0zaF78E1pa9xwmD5hgFycL,Riot,2 Chainz
5stbfxsPi8gcOH2LCuA4Le,pad lock,21 Savage
6Gxgp1zYEf0TZcx9EUe6Wx,Whatz Next,2Pac
4thxI2KSGykuykiLJjMslo,Don't Sleep,2Pac
3Vt89nokRNoQyafkZ4kJF0,Soon As I Get Home,2Pac
25j4RvkRgcXvZ0OUNP1H2U,Don't Stop,2Pac
2AOA0UAoRHcNQVrFmzMX8G,Thugs Get Lonely Too,2Pac
5XI5tzAbzrhkGtLukDTDSG,When We Ride On Our Enemies - Briss Remix,2Pac
5avQSAKB1dOEeIQBqV4jgW,Until The End Of Time,2Pac
6cCF5qDyyxKTigCJOzHYU5,When I Get Free,2Pac
5dtwyz4UaErJFBRb1dYNOs,Let Them Thangs Go,2Pac
6QvBx8sWZPjMLQ2I2HKNjF,When I Get Free,2Pac
0vg5dJn4JdEmPgEwRkDuqc,16 On Death Row,2Pac
2bYtycTB28jxiELrsSf7sn,When I Get Free II,2Pac
4bFi6vwibnjz38OYapehT7,Can U Get Away,2Pac
3wVmf4THZbqc7WItW8SltZ,The Streetz R Deathrow,2Pac
04VFpSJU4Ls6YnitkzKS4y,5 Deadly Venomz,2Pac
6zpaz2y4g2BXRNatfgmS2Z,Part Time Mutha,2Pac
0h5cCXchFsjTYn4ZHn9D3i,Goodbyes,3 Doors Down
5Zft9zIODo7ZnImwcbaO4Z,Back To Me,3 Doors Down
5LM6Xr25UY3dkPyRTKqZe4,Never Will I Break,3 Doors Down
0oNiYKgINhqhPuwE9LTlj1,Changes,3 Doors Down
38cKK5uHgaxXel4onvnwq6,Battles and Brotherhood,3 Inches Of Blood
3xnVbdrHnkGyRXRmsuOaGr,Waiting On A War,36 Crazyfists
76OhaMY6YsMrFtvqzDxi6N,Neva Get Enuf (featuring Lil' Wayne),3LW
3Q7lNQhs1nKFDX5aZgHn9v,GIVE ME SOMETHING TO REMEMBER,3OH!3
1a4JhcMJTkdLWQDx24Rlcv,INSIDE BOY,3OH!3
1LjHre9uHSLMuUrKsl6ppX,Touchin On My,3OH!3
5p30X6Z8hLCoFviQji6cjT,Product Of The Environment,3rd Bass
1uI9dvgXnH8QP6kunOH22Y,Steppin' To The A.M.,3rd Bass
0RJeDtt4FYliYSQZxL2xTM,Sickkaluffa,3X Krazy
7q95VCNCdVj1HX6SvgbZcH,Measure Of A Man,4Him
5TaOGq2ViT8GodDLmbOv6F,Measure Of A Man,4Him
1VD2nlzQDj4YFPjhuOrjK2,Catch Fire,5 Seconds Of Summer
2wf6rb99AVkKsTkQFRYfa9,18 - Live,5 Seconds Of Summer
1tUWeW96kgOEaUH9l91Om3,I'll Still Kill,50 Cent
2kR2YN8D9Zkybw3eTgKUlj,Get Up,50 Cent
4qRdQm8EzQlkx7WmTKpI4R,Heat,50 Cent
4pmiIC65ustS2XeeJwQvAU,Don't Push Me,50 Cent
65l5KYs1YMFplVybSvFZqZ,Lifes On The Line,50 Cent
5NgaRInrdHjxGMYwCN6UoD,Winners Circle,50 Cent
0iFXTaQ0OCCh4N1LG54z8k,Chase The Paper,50 Cent
0MZHbLF9A6m97WzCGSYpFL,Get It Hot,50 Cent
6E5c03loExydD8ntRKWLv7,Gangsta’s Delight,50 Cent
0XV3lm3ZxKUr6FiWVdJuyk,I'll Still Kill,50 Cent
5KhFaq45chTw8RGfWo8T8J,BILLY,6ix9ine
7HDpgbWMVzI8bEbdldw3cs,One Way (feat. T-Pain) - Bonus,6LACK
6XexzlVsjQOuNQ5pcfWOdq,Poolside Manor,88rising
0j5a06ZIBRALdzBvXdXSfL,Do You Wanna Dance,98 Degrees
1f5cbQtDrykjarZVrShaDI,Drowning (feat. Kodak Black),A Boogie Wit da Hoodie
0CveX6X9yK6jJKzIsAWroR,Let's Start Over,A Boogie Wit da Hoodie
5P1vipFCNi7SiOEVGqCc3s,Get to You,A Boogie Wit da Hoodie
7oMwun7Y8xOxiARFoAyKm7,The Document Speaks for Itself,A Day To Remember
6rx6Qr5BCVB4MaIvSYSsh1,Mr. Highway's Thinking About the End,A Day To Remember
0l8abjLU8NTOhBojVTxxeg,Dream In The Dark,A Fine Frenzy
0jhdk5ir8wAb8dIryDlUGe,They Can't If You Don't Let Them,A Fine Frenzy
3zwUVFojVdM3E0ioGstH4A,Star Hopping,A Firm Handshake
6ZsVROmaVK7RozA55SmoWy,Coffee Cup,A Firm Handshake
4RJuvzkw2M8IVLcVHLENee,Where Does the Time Go,A Great Big World
2PIXt4s3wcT1e7mjgVUHeE,Hourglass,A Perfect Circle
17vSdpQJmAskoex4ATpz69,Get The Lead Out,A Perfect Circle
1au1pPMHY9avx43cDT4XXa,What's Going On,A Perfect Circle
1Wd7DTrQCKQ8LSs5IlJSDE,Let's Have A War,A Perfect Circle
27tb9VNSL17gUQpbhtFMYQ,Life Of The Party,A Rocket To The Moon
0eWCEmTklzDA8u3vWsCWBZ,The Cali Buds,A Skylit Drive
7uU4gNWhEMSU9TCcdLDgCu,Prelude To A Dream,A Skylit Drive
1ptjpM09XhZRSsBlice4wP,Heaven,A Skylit Drive
4kpFiHzj88qP8xh3Mh4KJg,Running With The Light,A Skylit Drive
3Pz5n4OKelwY3xpmsLhMNe,Rescue Me - Remastered,A Taste Of Honey
1ora7jNRx7tv7yjANfGu1u,Skypager,A Tribe Called Quest
5S6kL3VgQMiwFpgjUFeafe,Go Ahead In the Rain,A Tribe Called Quest
4R8XY2fcKNW4zNug9Y1WLJ,Busta's Lament,A Tribe Called Quest
1LuvccUiy1j9y8hpPBzQNh,Get A Hold,A Tribe Called Quest
7f1UEGMBMuXfLBP5XANfrW,The Hop,A Tribe Called Quest
7a8CUx6YsjWAC6Ka5VoK26,One Night Savage,A$AP Ferg
4yJ61FeTLi14BHzJXzurPi,Let It Bang,A$AP Ferg
6D2oSalLQWi5dmv5o3cyBR,Lord,A$AP Ferg
0RyA3o15NOLJYtm9NlDu5c,Frat Rules,A$AP Mob
1dzwFgBlZNxt28aQOinNGn,Changes,A$AP Rocky
0O3TAouZE4vL9dM5SyxgvH,Fashion Killa,A$AP Rocky
0DZoMKPJ3uKzBFc3AJbxl4,Closer To Perfection,A*Teens
3lfLAToNl2Ibcuo9U6UTSd,Upside Down,A*Teens
7qdGMtz3p9yzf984u4nFjw,Throw Your Hands Up,Aaliyah
5zJAnQ1NFfks3SRbIRLVSM,All The Places (I Will Kiss You),Aaron Hall
518FVojPSjolezdZOnrgEO,Stuck In These Shoes,Aaron Lewis
1Ue1j2KnHXszkLCJz3Dk2B,Whole Lotta Love On the Line,Aaron Tippin
3KbE8ffE1KK79ffU0fQM8S,Workin' Man's Ph.D,Aaron Tippin
28ImLveW8GSQ9xAXiPaZPo,A Door,Aaron Tippin
5fGbvTgewZfytVjCOfTKba,If Her Lovin' Don't Kill Me,Aaron Tippin
038jgLNIvp7QQNf5vILf5d,Kiss This,Aaron Tippin
7iN0aONHwJW6jg0dRVUMVz,Run Wild Horses,Aaron Watson
3O6i7SEWrQw0azh0xpOwaj,That Look,Aaron Watson
6TvxPS4fj4LUdjw2es4g21,Slipping Through My Fingers,ABBA
0HPF6YFoMBA8mOU9dqHlNL,Kisses Of Fire,ABBA
1uvdgJ6KVIfzxAuEfDPyhv,Happy Hawaii,ABBA
5mvqSR3WCEF0VQd47aCtvf,Retaliate,ABK
1ULNWGJD3skjg0jWjhCFHc,Baptism By Fire,AC/DC
1v2dqCvCUf2TmxtbKXvLFN,Emission Control,AC/DC
1Ru1scJuR193OlnCnVvYjM,Rock 'N' Roll Damnation,AC/DC
6EGsvchOgeJqNofXHpnBGj,Carry Me Home,AC/DC
4feXJ5IC3avXsVW9WNFSag,Rock N Roll Train,AC/DC
5yx3jekDsFzX987CIHX2Yn,Spoilin' for a Fight,AC/DC
6RYm3vNuXgILX6yTVWl4ln,Rock N Roll Dream,AC/DC
1IofZLGklWjj0tc2QQKVHW,Ride On,AC/DC
0cLvKgKkqlaJ9UajbitH4l,Fire Your Guns,AC/DC
0NIotBOwHkVRocCRzi41da,Shot of Love,AC/DC
3TzodHWz58jKxePzBDqHf0,This Means War,AC/DC
6vLemwLlTYDqQqbtXHRLRN,Ride On,AC/DC
5UKeFkVeUfvP6S43I8s9mt,Jailbreak,AC/DC
6SRadf7zJ0PdkSqQ4Sqkvm,This House Is on Fire,AC/DC
05gjrT0jcQ0fRkHuYgJTdR,Nervous Shakedown,AC/DC
0qKMZuEM8aejK1wz6Dmn8M,Landslide,AC/DC
594ONMYoHlJnqHPEx98t08,Ride On,AC/DC
5xquYn2sr3uEcyuKU9BmCJ,Walk All over You,AC/DC
2j0zExWFB0PowLOeoZosjK,Touch Too Much,AC/DC
6pivm7pNF4GyBkHNGseHCS,Shot Down in Flames,AC/DC
7HbHwtTGM3kCjDtmP00x4h,Get It Hot,AC/DC
3zVf2mdjHI2dCAVMyCGOKr,Rock 'N' Roll Damnation - Live,AC/DC
2308VPPaMh7Q3AX1Zap99A,Rock 'N' Roll Damnation,AC/DC
7IwNbtA2mn16aL175qG9Od,Carry the Weight,Accept
2tKHQGrI7bYVu2A2UTXIpS,Race to Extinction,Accept
49mBavll4wixZmGu4Z70rx,Final Journey,Accept
0eZMvKJvRtCPerBNKviUcy,Pandemic,Accept
4HEWkrgmiVRZHS5KnqnpEl,T.V. War,Accept
0rDhrV26w2t2pwB68sE8J7,Too High to Get It Right,Accept
00BIdCtEOuMay5NreStK8Y,Rider,Ace Hood
64ergSkAd0DGdLnf3s2RwM,Go N' Get It,Ace Hood
7GPq5i4Dn95yDaqxdoeKNW,The Rockers (feat. Wiz Khalifa),Action Bronson
0hblHuBtxbGCScwQSo8kFL,Alligator,Action Bronson
3oejgJO4poGixSFj3ADXRo,Rough Stuff,Adam Ant
4EQeGjKXLjT2jbCYn6Oq4O,Razor Keen,Adam Ant
4T1ZmoONpYt3GH3t4WaJsA,Hell's Eight Acres,Adam Ant
6CH0YDmIu2dna4iqD2nu3C,Start Over Again,Addison Road
76N7FdzCI9OsiUnzJVLY2m,Rumour Has It,Adele
66qd4R9s2SMkZ3hMOgWcBH,Drive,Adelitas Way
3Q0aolaKwblScQFb6Ir8kw,Move,Adelitas Way
1OGFtaUgHAQjtSk7mhDwr9,Giving In,Adema
4oRsFnGK4CtUN6wP3VaCS8,Crash,Adventure Club
7mencCgPnRGcJazPG0bRuG,Walk On Down,Aerosmith
0OUp9IxzAjNrGgLhacAvqV,Line Up,Aerosmith
5l9fBktQtZywlRCaIduinV,"Don't Get Mad, Get Even",Aerosmith
7mzoeIwfFNE66fMc4iqRvD,She's On Fire,Aerosmith
0iMavJDtNbTJBf0b2oV9E0,Lightning Strikes,Aerosmith
3dmAj7UUW7OFqlx4MiW6WH,Get The Lead Out,Aerosmith
6hxa24dKfCoe1EA6g0RHNw,Prelude 12/21,AFI
5y0kthTJPN5AXWq4SPbex7,Tall Cans,Afroman
5QLH7zAdcAJLgR25gtvtoK,Lost In The Static,After The Burial
5rIq9qIH2NERKuolO6CNEz,Equality,Afu-Ra
53S5rCt8LFsocU95QXoK1X,White People for Peace,Against Me!
0Ttf8oqa5RApvlrMkMdE1Q,Even at Our Worst We're Still Better Than Most (The Roller),Against Me!
30vl7nX9kTYZRfr7kTi0jU,Running With The Wild Things,Against The Current
1L7JRBLa37mcx1iI3YDFEw,Mr. Persuasion,Agnetha Faltskog
6xs9yZccDEB1eK1Fos3B5g,You'll End up Crying,a-ha
0HoaLXRp7jJtdQFunUyUGc,The Sun Always Shines on T.V.,a-ha
1wymEUdNjJMH3JKLviAxTt,Knock It Off,Aimee Mann
3RLim0eufd4wmcYpyK19Qy,Wise Up,Aimee Mann
0EqtsCvcDjEz6svFsaV5HN,Save Me,Aimee Mann
05ofQzVshh0SqVqawplofZ,The King of the Jailhouse,Aimee Mann
21k0ojAt6LlW1l4Bn9v0lL,You Could Make A Killing,Aimee Mann
266zwf4EY6sFtVA0e7Ntpt,One More Chance,Air Supply
2EzTLbGTRB1tD47jN509wc,Keeping the Love Alive,Air Supply
3nFQ4HligCOvCmaowewlLM,Blown Away,Akon
2kQuhkFX7uSVepCD3h29g5,Smack That,Akon
7I6DceMT3utDOHjcYCbrr4,Don't Matter,Akon
6GDb0Zev9MAjEfiqxOpNWu,Touch You,Al B. Sure!
3emeFHNqBxEcGoYMfbmLdS,Stay With Me (By The Sea),Al Green
7ahfIi8XmQJ2vvM8V4ndNn,Yield Not To Temptation,Al Green
74hrm9x1vxIW7mSZgeyG7J,Full of Fire,Al Green
6w2H4XYwk9EhvPdmx95jEI,Let's Get Married,Al Green
1E3bdX10Souaxsmgnf50Oq,Have You Been Making out Ok,Al Green
1MCDmXeXjjocflTFFDlS3t,Funny How Time Slips Away,Al Green
6QbcnA5zCrjiZIUBzAP4nY,I'm a Ram,Al Green
5eIx02KMwP6qMG8tcZxKhG,Light My Fire,Al Green
4gBr09OsJW8epXEuEpT1xJ,It's How You Say It,Al Jarreau
3hzHZoQ2LFfFqesE0t49a9,(A Rhyme) This Time,Al Jarreau
5zVKisBri6JH1fooBhUaVq,Time Passages,Al Stewart
72mDNxvT9ii5b92mSAxVhS,Roll On (Eighteen Wheeler) - Short Version,Alabama
7Fhgor5m0lekhS0jw4jklT,Roll On (Eighteen Wheeler),Alabama
5DezYTDewQnrGgVoDHPqO8,Wonderful Waste of Time,Alabama
1evnMw74GSZkfgpl2D0JaZ,Roll On (Eighteen Wheeler),Alabama
0FWap1JDpveTFfII99g63W,Fire On Fire,Alabama
41N38tnLuQTOQmE448eo3K,I Saw The Time,Alabama
3OdVozGgGIK8z0rTKAPP4l,Touch Me When We're Dancing,Alabama
4SQTG1qSot5FN10ncQ5HIF,Changes Comin' On,Alabama
4wQ1qHAyeHiqrv2nuiubvB,Ride the Train,Alabama
2lrRWbiHPdBicufAqrGN3r,Don't Wanna Fight,Alabama Shakes
2R3iJTiX0Tiy79ArhDIv8B,Good Time,Alan Jackson
1rwEm0cDa5MqIFMjHOxO8d,Winter Wonderland,Alan Jackson
3idyQ4U3SSSdRHa1S6GpGg,Jingle Bells,Alan Jackson
6pcnQnjVuHMdXE4cn75EGB,There Is A Time,Alan Jackson
66QufvOW9imASTBFUhRXx3,She Don't Get High,Alan Jackson
3tainZnSOXMe4QxN1aXI34,Good Time,Alan Jackson
3GZkrfex1HNQgGgzoA2D8m,I Could Get Used To This Lovin' Thing,Alan Jackson
6lyKOW0FNW6aAZdKVgoM8m,Good Time,Alan Jackson
04vr5xjWJb3Uk4QatXAh6t,When The Love Factor's High,Alan Jackson
5ypp9RIkqkutrz4HZIUHDw,Don't Change On Me,Alan Jackson
4WdYrpoDhVNYp4PiIbExmI,Amarillo,Alan Jackson
7CLWPCNmgXAJLbKATXcp0N,It's Time You Learned About Good-Bye,Alan Jackson
1mpaqWn3xd5WhadX73bp3L,I Don't Need The Booze (To Get A Buzz On),Alan Jackson
6q6HBKOnVbZmVkI39GChF9,Good Time,Alan Jackson
1KaGqYTsMiVLB8UiOU7dRG,Wake Up - 2015 Remaster,Alanis Morissette
3go4CiwXiXbbnHIdNB0s0X,Straitjacket,Alanis Morissette
3boM0epn7Z0fHCi939463w,The Guy Who Leaves,Alanis Morissette
11jQrdriicXQ7xk14Uq3Oa,Joining You,Alanis Morissette
2wm3tJarIFNydVe0lRiBN9,GfC,"Albert Hammond, Jr."
60myrxzguHCKQ6S0wBXqSq,Labyrinth,Alesana
7b7MO5FAYTGPfLUImFGdSI,This Is Usually The Part Where People Scream,Alesana
0HCG3QdW3cX4M5pvu3hEZt,"Sweetheart, You Are Sadly Mistaken",Alesana
6Vkpe06Bc5pbTrr9IBzOrs,Outlaws,Alessia Cara
3ygeH2d1KSSAW4AdkVz0dj,You're The One That I Want,Alex & Sierra
0qIeNKNSePoq814cisI2Iu,Relax My Beloved,Alex Clare
04xNio562d2FkbOH9ISXt1,Whispering,Alex Clare
52Wb25UlAjAOnGzEvWKxla,Sentimental,Alexander O'Neal
1R7yjdyoCQ0Pv7sCv55nqi,Sleigh Ride,Alexander O'Neal
4U9Mj3VxRr3pZEmmNy3bOC,To a Friend,AlexisOnFire
4iZgDdnRhLsBuEgVAShOLD,Escape,Alice Cooper
24VCqTo6C0K4MnCsh4vHY8,Vengeance Is Mine,Alice Cooper
3mgJwx0V5xnpVawKuEsfkZ,"Sex, Death and Money",Alice Cooper
0Uj9FRpPzOTZVWmDOQPgQq,Somewhere in the Jungle,Alice Cooper
6GAEI3AUdwAZhlD38fdHu5,Blow Me a Kiss,Alice Cooper
5upt9rusOPs3OKuHYdDh94,Spark in the Dark,Alice Cooper
5XeT9fYCeg1jYithrEni7v,Bed of Nails,Alice Cooper
0BHRFeqwLBLOfFNED4mwXX,Step On You,Alice Cooper
6TWSRKCCDTXHTlTUWA2FG5,Time To Kill,Alice Cooper
1f7BnaMOP6rfHNsa6TfK9a,Life And Death Of The Party,Alice Cooper
2VTSNQ020EuvEC522qNyWz,Simple Disobedience,Alice Cooper
6cZtYktkLLcrcB3eu3g8zI,Crawlin',Alice Cooper
3DyVYlLIVJyzh3zNsBlCUt,You're A Movie,Alice Cooper
3FAbuFuqYx5lEm0rhMm76x,Vicious Rumours,Alice Cooper
0fBOsFpafD7FBGgES11Zsz,For Veronica's Sake,Alice Cooper
2aZVw81ykj30QTZbKzSONx,Didn't We Meet,Alice Cooper
0chbsrH6sdgiWy0SGqOCI4,Give The Kid A Break,Alice Cooper
19K1iYwszObU0blDy6XCix,Unfinished Sweet,Alice Cooper
3Y284gyGG0BJlL4D6ve46L,Unfinished Sweet - Live Version,Alice Cooper
6ZiZlQF8gaN6jtDxd1M6Ki,Second Coming,Alice Cooper
29H0YdNLHWddbjAP42Vs20,Low Ceiling,Alice In Chains
1hWkWwZObcguTBLpouTqLd,Hung On A Hook,Alice In Chains
4oI2qtjY1QHJ7NpYuid5KB,Your Decision,Alice In Chains
5IurPcZrPkuLZVWY5Rhqv1,Sea Of Sorrow,Alice In Chains
1e4LTCOfWqnrvI6jUWFx9z,Sea Of Sorrow - Demo,Alice In Chains
31eTGpp0Uxi7UqXT1aSNQ4,Lying Season,Alice In Chains
2DqW8yTTdOV80e6orwEuJz,Head Creeps,Alice In Chains
4XssnBT81vTIH6iYYUSv84,Sea Of Sorrow,Alice In Chains
7th3zPd45GBS1BBwJmyjjW,Holy War,Alicia Keys
4esOae7i4rqTbAu9o5Pxco,Girl On Fire,Alicia Keys
3mP4hWYzeZTC4VLrUgSy7R,Girl On Fire - Inferno Version,Alicia Keys
3w4f2Y44t8JENk6QkweXcA,Girl On Fire,Alicia Keys
3JHDtmFdX9kdx9wz0md98U,Like You'll Never See Me Again,Alicia Keys
4SZOVptbDIwRegbsYCOHRJ,So Simple (feat. Lellow),Alicia Keys
0wNenHPLy8qwMfxHTqScoR,Coming To My Senses,Alina Baraz
0f7OHfUNNs5DGTijGFPalp,Whiskey Lullaby,Alison Krauss
1hVFQ3rYMHbj7ciS0ZuXmE,Pale Blue Ribbon,Alkaline Trio
28vbpQYAJaUQvQ9s5Rc6lv,Heart Attacks,Alkaline Trio
6nnRSenW3wPSSAh9wHfjGh,Over And Out,Alkaline Trio
5o3o957pQk9riQYqg0iDoF,My Standard Break from Life,Alkaline Trio
0LWnqm6bl3aUqmlEeGuiry,Jaked on Green Beers,Alkaline Trio
50Ffg6RrxLTrlsEsEcNDTj,While You're Waiting,Alkaline Trio
4DA4IxlcefW1JSjLYpaSYm,My Standard Break from Life - Live,Alkaline Trio
0imHRp0dntswjXWQxkWhZP,Time to Waste,Alkaline Trio
1cuZsTaG48KheJPE4ntmmR,"Nobleza En Exilio - Spanish Version Of ""Royalty Into Exile""",All Shall Perish
1oMjdnSIwiQF0rnEUbCt2V,The Thunder Rolls - Cover,All That Remains
2KYQv9hKIFNkBUwwtUh9wj,A Reason For Me To Fight,All That Remains
5E4hUrxGYMecRnbr7SjLo6,Chiron,All That Remains
6kwbUpTpgAg0kHvk1sTQML,A Love Like War,All Time Low
4KT4d2n6BTtdGHy0Wp4mKU,"Dear Maria, Count Me In",All Time Low
2U1DssG1Cb2X56zG4YcqqV,Runaways,All Time Low
7vBBL9qR7sgvb0vD04iLTk,A Love Like War (feat. Vic Fuentes),All Time Low
40t2E0HHaaUTp0dolN4dNp,"Oh, Calamity!",All Time Low
1mLTikPTdJz0yfarfrXkSi,Sick Little Games,All Time Low
3ZsexY07D4t4HRq7ogeSAS,"Dear Maria, Count Me In",All Time Low
72LWZkeTAGHw9tO43cWk3R,Clock Runs Out,Allstar Weekend
2fHev14CrjJG7jeI926lDC,Clock Runs Out,Allstar Weekend
1qpvZdfVgKqZC5SbnLdSMH,Crows On A Wire,Alter Bridge
3PwKYa2i1d4rQ0eZUhKQzj,Island Of Fools,Alter Bridge
2XrAxZLDhh9d4m9SVFvOat,Coming Home,Alter Bridge
5QZJAcP4nu3xL2NQV4AVHO,The Gospel of John Hurt,alt-J
50OPfIQIqLcET4p3SYczVZ,Jingle Bells,Alvin And The Chipmunks
1gvaxqNiJEbQzWPqs72kgG,In Undertow,Alvvays
1daJqEn7GbpsiwQtZFqs5a,Might Like You Better,Amanda Blank
0GdiWLQt5VYtMEcero6AOW,Runs in the Family,Amanda Palmer
1vI0F7ogjp3dSBzOEFbIOY,Strength Through Music,Amanda Palmer
1xSHUQUPC8JbkAGISnoMqV,Have to Drive,Amanda Palmer
4d4boUg3vPbDkEDSjPyMmq,The Killing Type,Amanda Palmer & The Grand Theft Orchestra
6flNBlBKy7g4oVNNs7rJ22,Want It Back,Amanda Palmer & The Grand Theft Orchestra
1biXiD5Bryz5brEfH6SPG3,Whoa,Amanda Perez
6yskcTeSgseZZv0LiUG0Yk,Dynamite,Amaranthe
6hOHuMjXj8YQDWFIc4Bb5b,Fool Like Me,Ambrosia
389j0fcHW1krEaof9DDDNC,If I Were A Bell,Amel Larrieux
3lfyJuT3sE7tkB17FmjpBI,Giving Something Up,Amel Larrieux
5p89ZtYxTciW9Q95p5k3w2,Congo,Amel Larrieux
3YgqHo3Qc46jKiofXtPx99,Chasing The Rainbow,America
3WZyoOxusBFdn8H86MIPIC,Nothing Gets Nothing,American Head Charge
0IfsEsGEawT5srezsszZeW,The Geeks Get The Girls,American Hi-Fi
3MIGSMOHa0fbFtcjjU9MuU,Blue Day,American Hi-Fi
4nPSv5onp71VsSOn5CGhZD,Wall Of Sound,American Hi-Fi
1S52wRP8l49PPwU0xc8S3x,Rolling Down My Face,Amerie
6U9OkV9oa8kN8LyBGf3wvJ,BLACKJACK,Amine
4jdtTRrU1PAkCOw5JY6m25,At Dawn's First Light,Amon Amarth
3QKEiCO5QCuUyV6B35YCbc,Back on Northern Shores,Amon Amarth
3fxc2GDtIjDprOyMFABWDs,Stay With Me,Amos Lee
7CWcSiZIw3JnNTSv8H8K0p,Ease Back,Amos Lee
5rhss5dZkHkAGfVCpH8371,Our Time Is Now,Amy Grant
54bsiq4Bb35oQnA7gVpsY0,Not Giving Up,Amy Grant
5ZLHe9DscG3hPC2WAX5wFX,Stay For A While - Live,Amy Grant
0fktRrS0K6qDjprb79rPT0,Takes A Little Time - Live,Amy Grant
57RD1fWWeuT9zsYtFMOu4K,Carry You,Amy Grant
3cE4HUTIUZ77WrUcEBlYcA,Stay For A While,Amy Grant
03fSECeJJRez3rZQusuCZR,Jingle Bell Rock,Amy Grant
7hrwRUVE2exQkdZWjWl46i,Takes A Little Time,Amy Grant
0RatRR1mlxEVR6WATH4jV3,Some Unholy War,Amy Winehouse
7or26qS3BfpTtWO3BFw5GE,Addicted,Amy Winehouse
4d0dY3ZeMdoYrD5YmdFvWZ,Half Time,Amy Winehouse
5DxBH85uTavqg0MuJ5JdiS,How Come the World Won't Stop,Anastacia
4uBTmhfXFi7Mgxstlcokwd,Said Too Much,Anberlin
43xqZEtdM1Keyma9cy3rjQ,There Is No Mathematics To Love And Loss,Anberlin
7j0nWiNXw3Ncq69NxT4k6s,The Runaways,Anberlin
5G0nSEIT0fGUZY0caM9AnH,The Season | Carry Me,Anderson .Paak
70SjyVMzhmMeJQD8hOmIBp,Put Me Thru,Anderson .Paak
1UjyF6okUHhnVxaLV8ojsA,Am I Wrong,Anderson .Paak
4xcxbw7EcAnDRnPU5BkbB9,Mistakes,Andra Day
0tV8pOpiNsKqUys0ilUcXz,Rise Up,Andra Day
46Pj5vgICZxNsTOLWrM7uy,"Moon River - From ""Breakfast At Tiffany's""",Andrea Bocelli
5ioeVH1Ac7nWgHPOYT3ObC,Jingle Bells,Andrea Bocelli
27sFmMchPUtnHsv9Rnuesx,Jingle Bells,Andrea Bocelli
6F89Ii7pfMzniZ4ueP5xDp,Dios Nos Bendecira,Andrea Bocelli
08Px3e9b35UkrpFlRkxH3l,The Power Of Love,Andrea Bocelli
5fMZ4cDsfhxR7gnFdtrWCy,Roma Fade,Andrew Bird
2WxoRBmrJK4A68C68T5nOv,Lazy Projector,Andrew Bird
0C2LIhg53UewtjW2Y0xXo0,Lazy Projector,Andrew Bird
7FnfK59UBtATCJiEV5rceG,Plasticities,Andrew Bird
0vwCaq6juiCDaXmG1DaWoI,Armchairs,Andrew Bird
2arDOcoBX9yJ1XviBVbZzU,Simple X,Andrew Bird
3YXYzaQ2gKlHl7E9ltKiZH,Spare-Ohs,Andrew Bird
7EbVnljEpnmQT4JoeNY8cO,Synesthesia,Andrew McMahon
15pMcNeKxkq3KroaDlVxJC,After the Fire,Andrew McMahon
0D9VLJT3XIoaGDYrGLyNbN,Maps For The Getaway,Andrew McMahon In The Wilderness
7MgRnWcNnJoeoYFFIXGPEK,Every Star Is A Burning Flame,Andrew Peterson
0lFW0qtzqEEWJaiG1kYP4R,Come Back Soon,Andrew Peterson
74yxx7JQEElkvjkJCwvt2M,Ready To Die,Andrew W.K.
1zdN1bYdZfsRn8lsbwV7Yy,Fun Night,Andrew W.K.
4WTesnTwFAtRtC6fhXuX31,The Void,Andy Black
0EgcJCY4r67bH01STP3dgB,Warm Ride,Andy Gibb
3RMivVs2SmTCpcrW5qmCqY,Kiss You Slow,Andy Grammer
47A458Oaet2rvNaBdyNSrc,Desperados,Andy Mineo
5RPVSzZW6R0pUza8Hs2sC7,It's the Most Wonderful Time of the Year,Andy Williams
5hslUAKq9I9CG2bAulFkHN,It's the Most Wonderful Time of the Year,Andy Williams
3C26P3VE95SAw8alm8Errp,It's the Most Wonderful Time of the Year,Andy Williams
0dQoHmJLo9WM68EB7wUFsr,It's the Most Wonderful Time of the Year,Andy Williams
2qgHKnAcysYtLXwJTS93UI,Can't Get Used To Losing You,Andy Williams
3b5zMe4Q0nqICWDMnx7wXq,"Love Theme From ""Romeo And Juliet"" ( A Time For Us)",Andy Williams
0yKaTKbbNNhMVf6DEZI0Tv,It's the Most Wonderful Time of the Year,Andy Williams
41zpWL98BsYKP5nvtdTM5z,Can't Get Used to Losing You - Single Version,Andy Williams
7qABe1JHtkS6ej6KIFDBbq,Can't Get Used to Losing You,Andy Williams
5PscjuayXMGSXaAcJVIIV8,For The Good Times,Andy Williams
2U0nKiD5JIHI2eRVxaz38d,Can't Get Used to Losing You,Andy Williams
4d7nDUtP64STfdew4xGaaA,Flying With Broken Wings (Without You),Angel
1REhTT0VLMNb2d7q1fp1fm,Break It To Me Gently,Angela Bofill
3FAM5Y7Hks9R3qtsUKdPJh,Makings Of You - Interlude,Angie Stone
6tKLlDt8kr8NHrpras1vZS,Pacifist's Lament,Ani DiFranco
6tGGCw4wW2frJl1NxI7sQr,Terrifying Sight,Ani DiFranco
3YYmL1oOFxVC1945tkQcgQ,Deferred Gratification,Ani DiFranco
0GinZxPtHJgD8X0SQFLl9R,Woe Be Gone,Ani DiFranco
58ZOO96TcpBUXm6dUSi4Di,Shy,Ani DiFranco
2Vq1aEwYcO1ptVDfgIVY3b,Joyful Girl,Ani DiFranco
2ddQaRhmvUSozmjU6k5ptW,Both Hands,Ani DiFranco
1hlA5P2rE3IgWlVsGJQXWZ,Lag Time,Ani DiFranco
0MUwKdkIGVmoGzPbpq3gtm,Recoil,Ani DiFranco
2kHK4PLfeUg3s8dmWiQKN3,Reckoning,Ani DiFranco
1R5EBIwBir84uQDCZR4iEW,Going Once,Ani DiFranco
4RIyExqhnXEe3dHUNMGbwT,The Arrivals Gate,Ani DiFranco
5E8HkUmXHle2xQ6CLtsU2A,Shy (live),Ani DiFranco
498PnsqLjAa8OgekQUktTi,Joyful Girl (live),Ani DiFranco
5VgFsarsBKioi28ncmtkjq,Tiptoe (live),Ani DiFranco
3yz7UNhnF7jIwdWMFQoUNt,Both Hands (live),Ani DiFranco
3874Ac5TPH544Zdh06na1X,Joyful Girl,Ani DiFranco
7Agy86rG456dpiHs8WXC9h,Natural Selection,Animal Collective
3wjTWjEQ4UtepljccINI1G,Wide Eyed,Animal Collective
0qWfR0C4ul3S1f1HWIp5O0,Bluish,Animal Collective
601iYWRlyUMINjjBZ6WXkW,Cuckoo Cuckoo,Animal Collective
17wJbkfSi42AQP6h0zId0I,"Run, Run, Run",Ann Peebles
3StgfBhpHYovLK9YnDe1FT,I've Been There Before,Ann Peebles
0ZOcliEKHOc9WJySWNYfUx,Catalyst,Anna Nalick
5GL0hqKMokIjV64I12PJoC,Time Don't Run Out On Me,Anne Murray
0asFn6xKxU5WddR2ELtagf,Time Don't Run Out On Me,Anne Murray
73vzOFFjJn4LUGUL9jhH4i,Broken Hearted Me,Anne Murray
6ou9ADqJTg7bqcA8sXM5lB,Killing Me Softly With His Song,Anne Murray
6YuwClO0vS51Kd9F0hp5Pu,Time Don't Run Out On Me,Anne Murray
07Cs882pDSCuggekDdmw4K,Broken Hearted Me,Anne Murray
3hFKqXetMohGCtqNgaXGab,Walking on Broken Glass,Annie Lennox
3Cza6L8wjPW2QCsGC38TFS,I Can't Get Next to You,Annie Lennox
4CcSw8wQAHYf4XNckayPoc,Walking on Broken Glass,Annie Lennox
0mMRsfWyLVjt45WeXWGRE6,Legend In My Living Room,Annie Lennox
4Fe5RBekhh4irEhWZrGsCw,Drone Bomb Me,ANOHNI
5x1fSwAvvXs81dqlfznX23,Can't Stop,Ant Banks
500oFDMFRrvepF5nJjyNHq,A Reason to Stay,Anthony Green
556fETibluMiMzsMpqhaiy,Spend Christmas With You,Anthony Hamilton
7AitCDHecfsGYIb9nhrB5q,Magnolia's Room,Anthony Hamilton
1SgHNH36l41IIhuYGY4VCa,Pass Me Over,Anthony Hamilton
0JvnSdPISaLL42H5iTHx4I,Monster at the End,Anthrax
1tXEmNjf21MSNcW9kn0DXl,Fight 'Em Til You Can't,Anthrax
0snYv6izjSaubAsXuZlwyt,Random Acts of Senseless Violence,Anthrax
0uyIXhCN0O8h2g8NWTyWf1,Perpetual Motion,Anthrax
5K9f6W5xGHvnWWIU4kb6L8,Protest And Survive,Anthrax
7tNrln2ypDb4mykc14ve69,Gung-Ho,Anthrax
0Nzj1diXyRs5WvcfsBz2mC,The Modern Rome Burning,Anti-Flag
1gATM5bdecjt0JwOF55hXV,No Warning,Anti-Flag
1fekG5gWHOUWRg07FCQjsU,Emigre,Anti-Flag
3cvg6k9efvpvhcWPjQCYMw,Sold as Freedom,Anti-Flag
562GAKPuDKUwDlL48VUGAp,Operation Iraqi Liberation (O.I.L.),Anti-Flag
3OE0mqL75Eps2wnYJz9EcJ,Kiss My Name,Antony And The Johnsons
5v5AbuyW9uQd2pnbbh0jPp,Hope Mountain,Antony And The Johnsons
365NsLW6lNgJqfzNv7xlXt,Turn Back Time,Aqua
1vTmkyyfPatFdz4YPwPYTl,Breaking My Heart,Aqualung
6y8snVFINFTa2UhgjMM9mK,Good Time,Arc Angels
0O8Ymlu03OqEX5XU5p8Rw3,In the Backseat,Arcade Fire
6Yb6ofPLgbb5QhhuWQXtnk,A Fight I Must Win,Arch Enemy
3w9DBYm53qG0dnVdXit9nr,Under Black Flags We March,Arch Enemy
5Qoeqbivf0GdZOtSUiyOFI,Royal Beggars,Architects
4lcg836qdoayoF43ASX2Rc,Modern Misery,Architects
2AKwcNHeGAqCpD6etK425X,One Point Perspective,Arctic Monkeys
0NdTUS4UiNYCNn5FgVqKQY,Snap Out Of It,Arctic Monkeys
5rTIpPWeO0IL4HWlGWrz5G,Brianstorm,Arctic Monkeys
13NCxLOlvQ4Tnexgfp03Gs,Do Me a Favour,Arctic Monkeys
58ge6dfP91o9oXMzq3XkIS,505,Arctic Monkeys
4KGyQfes7t5BiaoBvs380e,Fake Tales Of San Francisco,Arctic Monkeys
3Rleu2vd9qHGjRJdcFtPbC,Dancing Shoes,Arctic Monkeys
1PbB82yaidq8X0XPhLlBek,Until You Come Back to Me (That's What I'm Gonna Do),Aretha Franklin
3DE7DX4pgLsgLZMNCMXJ7S,Save Me,Aretha Franklin
2LpZH5SMNIyNLU31eJ0kWu,Until You Come Back to Me (That's What I'm Gonna Do),Aretha Franklin
4to9dNJiVyRP2wrdYhItPX,Ever Changing Times (feat. Michael McDonald),Aretha Franklin
1Kc7lYPOp3WiNXSCXoUerD,Ever Changing Times,Aretha Franklin
3MWoJGrKXOTlEBIZzDoZkx,Jump to It,Aretha Franklin
7mvKpoeI6sq6osDtSb9xcF,Save Me,Aretha Franklin
3iX0BMs9dX9CsgrHhiB173,Until You Come Back to Me (That's What I'm Gonna Do),Aretha Franklin
2LpZH5SMNIyNLU31eJ0kWu,Until You Come Back to Me (That's What I'm Gonna Do),Aretha Franklin
4to9dNJiVyRP2wrdYhItPX,Ever Changing Times (feat. Michael McDonald),Aretha Franklin
1Kc7lYPOp3WiNXSCXoUerD,Ever Changing Times,Aretha Franklin
3MWoJGrKXOTlEBIZzDoZkx,Jump to It,Aretha Franklin
1DWTFcfjHR8I98KSRk2ntW,Jump to It - Single Version,Aretha Franklin
7mvKpoeI6sq6osDtSb9xcF,Save Me,Aretha Franklin
3iX0BMs9dX9CsgrHhiB173,Until You Come Back to Me (That's What I'm Gonna Do),Aretha Franklin
7AykowH1fjXMwjBx88Kngp,Satisfaction,Aretha Franklin
7AykowH1fjXMwjBx88Kngp,Satisfaction,Aretha Franklin
1o9M72cSQcUo5F4PvsVpMJ,That's Life,Aretha Franklin
4bYc0A3yv4gc0596xuCbPU,Walk On By,Aretha Franklin
5PaiOSEZq5B2thx1sWVKxp,Time of the Season - Live,Argent
7MGRcJy1saXKiphwqJBnRb,Touch It,Ariana Grande
5Pnny78GESkBSLnxFmhRYZ,Better Left Unsaid,Ariana Grande
4Zii1rxtVVaMZDJXX855mS,Time To Live,Ariel Pink
4trJWI0hx1lzfrOQRnRAds,Dreamdate Narcissist,Ariel Pink
0gBrJS89BL4r8rqjDEzbtp,Put Your Number In My Phone,Ariel Pink
3SAwqnbYGfqfpLMYH106A9,Jell-o,Ariel Pink
2wn9xPcFo46GTlSYZDQ2si,Cowboy Song,Arlo Guthrie
1g2AbdCDCKyRZkafuRgOom,I'm Going Home,Arlo Guthrie
4kdgpUjwh1qB9yGjYFj01F,Roll Me Away,Armageddon
1frLUl7UjAs0eLL2FzJgmA,Not Giving Up On Love,Armin van Buuren
1AqEZYW3B4gaUukPAnEnQG,Drowning,Armin van Buuren
6xOtKddPrdmIsZ9p8XkFHo,End of the World,Armor For Sleep
0d9AxrMCBDnHsEtWpLnsZ8,My Saving Grace,Armor For Sleep
4NTQujCHfSz2OyIy2v8oUI,Mutiny On The World,Armored Saint
6yREgbmKghu2ZGjTBc1w4p,This Was Supposed To Happen,Army Of Anyone
3JrazVKF6rCU8QX3RCOlvv,Terrorstorm,Army Of The Pharaohs
0ZPHbx5CyDn8lPDujZJeZr,Ebb Tide,Arthur Prysock
3MnwLa9KRUiv2gNFtWPvib,C'Mon wit da Git Down,Artifacts
1q79aLwVAXl9Ukm9y1LPfL,Lower da Boom,Artifacts
1Ena4AQ7xASUAGI1xhFXs4,Tides,As Cities Burn
04QVqqarRHn0xBe5Gyz919,War Ensemble,As I Lay Dying
5XlgvmakaU9N7IoGabsJyk,Anodyne Sea,As I Lay Dying
2aOEHaJCT1v2L0HKFlqAVp,The Only Constant is Change,As I Lay Dying
2s4yoDIOX58Kyel5GYC5mt,The Truth of My Perception,As I Lay Dying
4AgTJceB6vWBhazE90rJgZ,Can't Save Myself,As It Is
5YNce83H3VWo39gP9xbY9F,We's Been Waitin',As Tall As Lions
6DeyFkzReMZkLzGhqATqqx,Love Games (feat. Jeremih),Ashanti
38nYOzlArjRi2HVEpvcbnD,Pull It,Asher Roth
6jMGSIq9ih9ElF5ZDlTOef,Defamed,Ashes Divide
2TM6fTuwo1ZjMfvFfcFVDA,The Stone,Ashes Divide
2a0kKvLfye1ESZJJN8FX91,I'll Be There For You,Ashford & Simpson
7eGGmFQsmyaJLOjve9xtVT,No Time For Tears,Ashlee Simpson
2ld4h37YU1NZ8IEYrxHv70,Coming Back For More,Ashlee Simpson
7qcRDEpmDWS0bLHaZRYE8c,A Little Dive Bar in Dahlonega,Ashley McBryde
4Pyq4NCuKGLJslU5SH37vP,From Time To Time,Ashley Monroe
4nNfaQHcWhA2znw7uV8jtj,Don't Touch - The Zoom Song,Ashley Tisdale
37ZgDS8M7CHEdmUX6ciINa,Go,Asia
2TzM4DXlzX5jWPlyhKrw0j,Time Again,Asia
411GxeLBfejBTzT1WBXSgn,Break Down The Walls,Asking Alexandria
2BeHvUeSOmglxhSEj3YOEf,The Match,Asking Alexandria
0zSrmT2471CwIB9utbwPe6,Enfilade,At The Drive-In
22ynhyyQmUTEEoArwD6PR2,Mistake No.2,ATC
5UW1jijt8kp4DR60EMYqhp,My First Love,Atlantic Starr
4nKPgKXfFiPW7cNex5oDtt,Secret Lovers,Atlantic Starr
4xwllvf4zL43zIj8K7H6zd,Secret Lovers,Atlantic Starr
4aVzx5DlmdIhTrE3VTosOs,Touch A Four Leaf Clover,Atlantic Starr
5dTmMvOXkRU7xYVItmeihW,Until The Nipples Gone,Atmosphere
4XyawDdOBWXFmbsSugxfAO,The Skinny,Atmosphere
6pjtzCoLhSQeQQmPEFad3F,Get Fly,Atmosphere
0RrRjiYt2s9RT9S51DiD85,Deer Wolf,Atmosphere
3r3kCILMTsjOygEvwwh0FK,The Bass And The Movement,Atmosphere
3o7kekce5BbJSYeqsUsjHj,Nothing Will Ever Change,Atreyu
52rWPzAoC12WGnUnuMVShq,Into The Open,Atreyu
2NbaYHtBWFu0k5eGqwONyK,Coffin Nails,Atreyu
0LoXrvrhrmjuWOjNQbUTj4,Five Vicodin Chased With A Shot Of Clarity,Atreyu
2gK9Yb53fFOgYt1X2QqUtf,The Confrontation,Attack Attack!
3vcIe7SpZQDVdhhqEka3nK,"Bro, Ashley's Here",Attack Attack!
0OFa24Zvs8aDYqKdZU97O0,Let's Get Abducted,Attila
0vioiXXEcreY8R9Q68JRb8,Shots For The Boys,Attila
1AJCoFzotWNyCPWZs5zdPM,Holler At Ya Boy,Attila
2FdfCO6eZvoC7duQoStVri,He Moves You Move,Audio Adrenaline
59kuctTgdVKngGpRAGhSa6,Get Down,Audio Adrenaline
18Vx53QofmzDrq6dvKwwV1,Get Down,Audio Adrenaline
0WzoFlhIk42l7mExIRAm4e,Get Down,Audio Adrenaline
1TDk2Jmi4dVZhm2dum3Jim,Cochise,Audioslave
33AxY0QUitvte6JV6B6uLE,Gasoline,Audioslave
5Lng6l6r1P4KjYVs7AoOpc,Your Time Has Come,Audioslave
7c0UK3KR3wOMXIaMaHViT4,Heaven's Dead,Audioslave
1WbNcO39htHL3QMJh5WGTO,Breaking You,Audrey Assad
7pIe4NdqJXcKH2XhUCtLDu,Breaking Through,Audrey Assad
565t6gDptOroAf9cdeHULi,Carry Me,Audrey Assad
14r3simFrldEF4K4DjTJPw,Come Clean,Audrey Assad
4Jhl1ZuAknfhD6WHR4EQ1S,Lightning Is My Girl,Auf der Maur
6XldDTk0NIa8rBM5zgfSLG,Change,August Alsina
3083fDw5aGcjzB5FMauzrH,Porn Star,August Alsina
1NAmER373RbdeWB0i07VO6,The Frost,August Burns Red
0YFcybtrESM8YG9etlsvxS,Float,August Burns Red
5iJaodzxWMa1sNUSSTymxL,Identity,August Burns Red
4yRsNlDdlNOlzKPeOjQgER,Twenty-One Grams,August Burns Red
7esiXo7vNm6sJq7tjRa2Kj,Animals,August Burns Red
3yoivPsYD9LwLnCqvYH2wo,Empire,August Burns Red
4Ly602Oc16395gDQVlCdaO,Empire (Midi),August Burns Red
4gCq3tl5CzHIlKyQAYkUYe,Meddler,August Burns Red
2Jn8KG9dNCsN5y4EoSIRwf,Lucky,AURORA
2JAIqACfoxE3tzThKh4AAf,Can't Fight This Love,Austin Mahone
7gss5MqLM5sHlHOl2EAbrp,Get To The Choppa,Austrian Death Machine
4NkSpVSEK1XiX0eZKo4D11,The Cicada's Song,Autopilot Off
44Yieaczp8NxQpaHwvrbwu,This Is Your Night,Avant
2szgRBTcy5bvSCH15S2OyN,Black Waters,Avatar
69gBAQdpxvCsw34Bbf8MnD,The Stage,Avenged Sevenfold
6Gcv1c96EIihHdJeERkpc8,Dose,Avenged Sevenfold
071hmHI51coELRK8hoH12U,Runaway,Avenged Sevenfold
2NImo2MajNai4CLk35wMut,This Means War,Avenged Sevenfold
0Beb8WbTKUTbmtSxLyCF3x,Second Heartbeat,Avenged Sevenfold
4VymMhILk4DSwghPkLUPVS,Critical Acclaim,Avenged Sevenfold
7MOQrtXMNImAq5TrPZzC0w,Gunslinger,Avenged Sevenfold
1BLfQ6dPXmuDrFmbdfW7Jl,A Little Piece of Heaven,Avenged Sevenfold
7HKRWMTErKh56EIBeFcmdf,Seize the Day,Avenged Sevenfold
18dQgDh5WDUH99YIkRf0dA,The Wicked End,Avenged Sevenfold
3PrvYgv97s5U752pIpDMNf,M.I.A.,Avenged Sevenfold
5Rz5uX2qMaKXGsebhY6BJf,Call My Name,Avery*Sunshine
07Wqp9LcTwzdIyuI0twXjx,Touch Me,Avicii
3uEu7hcvgrSOrgnMxzqugh,Pure Grinding,Avicii
2HUBtrX9MicIMxhzrSRlHA,4 Real,Avril Lavigne
3lxrdos6O9eZit1KMfz9A1,Runaway,Avril Lavigne
1ERza8JzFin9c3Keo8XQEX,I Will Be,Avril Lavigne
4WyDmwmeBdrGgJEQquZfz3,Passion,AWOLNATION
6yE6AL3D5lq25jtTAESkVu,Miracle Man,AWOLNATION
4Yx8sgsIqxxqchnhhyjKJP,Jump on My Shoulders,AWOLNATION
630brCzcLTQ3WEspOnZvec,Not Your Fault,AWOLNATION
25pKdJlAcAytw197vTg0xV,Rock N Roll Party In The Streets,Axe
67CEjUtWIM2xJGtti871qk,Ho Happy Jackie,AZ
0trRPAZ1ez0Lqvb6yk83r2,Heavy Metal and Reflective,Azealia Banks
3wuiE55ue858A0xVWkQUmd,Yung Rapunxel,Azealia Banks
5yXXv7OW5GSc5hqhutOFve,Chasing Time,Azealia Banks
53EkWr6SgetutN9APADJxN,Walk Out to Winter,Aztec Camera
6xovYPVyxrn1Li2LXTVhnC,Jump Down,B*Witched
75N0xuUmZEOgXqB0OIcq59,Hold On I'm Coming,B.B. King
1ObJg75Q16XqVdEmMBtJPw,Ya Heard Me,B.G.
0O3tN853B3Th9HOWaYHivu,Kill Or Be Killed,B.G.
0obcOSapJ9Lmqy2UWfxBAy,Can't Stop Groovin' Now (Wanna Do It Some More),B.T. Express
7tDDEhcKIp3kXzozvBHmJQ,One Kiss,B2K
38XPqt3WWlDp2f3w86rDwP,Would You Be Here,B2K
6PjWedNWyuTNKyAqzioyZY,Tease,B2K
3whFobcwxjtE5kV5Xg5O6I,Girlfriend - Pied Piper Remix,B2K
6kf1hKaDWVXjrLgB3ntpXV,Stuck Like This,B2K
7DJlOvAQ8wBBHciT60V78f,Last Boyfriend,B2K
3l2lrWvz6qC2QVPEgeqN9Q,Here We Go Again,B2K
5lvewpcd8fbzKZcqYCTdIE,Jingle Bells,B2K
6bZ5qfv9VDcZ2QBF3kMq6v,She Got It Like That,B5
79by8iJWSqnCUjRLB4djxc,No Way Jose,Baby Bash
5XY6kHhtgU8Q4DMc6wi3wD,Change The World - T.V.,Babyface
0gy9IiLtrcs7Hm78MpHfye,You Were There,Babyface
1uLaX7BtICR1pgWaipr6Gu,Bang Go the Bells,Babylon A.D.
1zOTernVfKAcYvdJ9MlgdH,Quick Change Artist,Bachman-Turner Overdrive
05mzctclS0ZqqTLEiDIGkt,Roll On Down The Highway,Bachman-Turner Overdrive
3eMAUz3LWa17E2WRSI7A1h,Madeleine,Backstreet Boys
66QXyC4ndlpuEiTVB3VLUF,Bye Bye Love,Backstreet Boys
0CnD7Hiw6pae6rLsZw5q5W,Incomplete,Backstreet Boys
78U7NSrgfot4Ikkg6hHxpo,Hey Mr. DJ (Keep Playin' This Song),Backstreet Boys
1btqbebzIS2IK0QkRUpShJ,Get Down (You're the One for Me) - LP Edit No Rap,Backstreet Boys
4FFpXtOtebPWI7uFCHNeY7,Ready 2 Bang,Bad Azz
6qatoiUMTmdpPPDd22ES9v,Personal Business,Bad Azz
1DXuH2qNd0rXjKpvEHuwgr,How We Get Down,Bad Azz
2kE1AG2jcbSqEJlv2Aj4on,No Reward,Bad Books
1zYsgTEQrkYpYdkM5RIIcS,Living Legends,Bad Boy's Da Band
6mrN5zMwHh391zfSKgSChr,Holy Water,Bad Company
1zaBFb0dqWbGbeDNCn4Czz,Walk Through Fire,Bad Company
37BSnjsm9AKOUxHY1JsjfM,Love Attack,Bad Company
0O0f7hOIcwQceCpGKIOb6P,Early in the Morning - Remastered Version,Bad Company
6LOGAUV4TcNrYGcLlptdl8,Wild Fire Woman - 2015 Remastered,Bad Company
4EEDZssGjSmobbSqJWZP0I,Time Stood Still,Bad English
0KFwxVOYSZUXqRQTv2tcYU,The Time Alone With You,Bad English
6amCeNhEjgxBlWkwgmdboa,Living Proof,Bad Meets Evil
46j2pUfj5WDL8dnrRwBIBE,The Devil In Stitches,Bad Religion
3uL2bRWuy7uK0zEJbtA1bL,Honest Goodbye,Bad Religion
5zZgoYzUjsLINdPEt7VoWO,Social Suicide,Bad Religion
0734v426krcGYoB7d3763w,Let Them Eat War,Bad Religion
3EyKnQ5xA76yuP8xXV5fxO,Can't Stop It,Bad Religion
1DGCDbwFPDBqhBnZe8UbKd,Destined for Nothing,Bad Religion
1WldcUfzxkzzaNthGrZ7Vp,The Defense,Bad Religion
3x4xuqVkaiy4iqojloNpI4,Whisper In Time,Bad Religion
0thVQu4MXQzaovghM2dEXG,The Voracious March Of Godliness,Bad Religion
0N4iEkW73lSqeuszwiXMce,Strange Denial,Bad Religion
2xbuCYUCcuaYETE6r3O9D8,Empty Causes,Bad Religion
5xNxG8o2eJ0Qr9v1gHmPYa,Victory,Bad Religion
6Wxj0FQMAJXOWgRbyFP5f8,"Even In My Dreams, I Can't Win",Bad Suns
1o2DMB5ZGoKV767eMx8bPf,Outskirts Of Paradise,Bad Suns
7ocgDirodCb5CaBkWkRlt2,Matthew James,Bad Suns
3f716CHeVeqmeYMxMpvTdc,Transpose,Bad Suns
7oAwy1WGeju5TT9fIRXwAT,Sleep Paralysis,Bad Suns
5y4TAwLfnPd5eh8C6tfyNX,Transpose,Bad Suns
3EQBVWHnCv19VW8JSxiNzi,20 Years,Bad Suns
6IH0pW6yrnhIoOwuDrqBQK,Truth Or Dare,Bad Wolves
61yfA2rLdxuaBncErNPnBY,Time Moves Slow,BADBADNOTGOOD
5ozwgnyMlu2OAwomuei0eG,Sail Away,Badfinger
6LmcEDp9KlONblJgMzaxx6,Baby Please - Bonus Track,Badfinger
6PIjzhfwTkBQiw40NiGBLs,Apple Of My Eye - Remastered 2010 / Early Mix / Bonus Track,Badfinger
2GMZviWV8WEIHgdH7Y5vU2,Midnight Sun - Remastered 2010,Badfinger
2jIh8aUcfvtcaTW3a1txwx,Carry On Till Tomorrow - Remastered 2010,Badfinger
7neVcIVlGWTAmCLaoe6W3w,I've Been Waiting - Unedited Remix / Bonus Track,Badfinger
26TQE4MOXcfetSdEOXtXvg,The Wave,Baha Men
6rf9eUnZO5Xu8pOy1XrzqY,I Don't Want To Walk Without You,Baja Marimba Band
5lpEa2kIfhAgwNdTtTwc02,She Was The One,Ballas Hough Band
73cxLTKilFFKEyc0Ac8Dnl,Pull The Wires,Baltimora
7sMcFdVYcwucGVtoV7r9lZ,Casual Party,Band Of Horses
6DVX4qug0tCQkdlcRT7nUf,In A Drawer,Band Of Horses
2ZrgAz9UpNxD4w5jHNwGSn,Knock Knock,Band Of Horses
39ZIUCB6hEsNM5j12QSycv,Shut-In Tourist,Band Of Horses
4INmwlKbzG8j9qKNFASQYy,Electric Music,Band Of Horses
608satzuvomiGFbZMNck8S,Older,Band Of Horses
3rfoOx0IQIFjlWxYNpPxdw,The General Specific,Band Of Horses
3Gcl4qVa1MMGczIUtBYoiA,Shot,Banda Los Recoditos
2jashjHoRWGNbWuAK8LhfH,Bang Bang,Bang
0aqNjZUwAgjZxbtrfn6VbH,Attack Of Life,Bang Tango
4onVxA8uTXk2QIr9BMRAjG,Breaking Up A Heart Of Stone,Bang Tango
12qY5UH1XEO4gKmYWYT1xM,Don't Stop Now,Bang Tango
3b4sSe1G3cB3nuGZpphNwQ,Sweet Little Razor,Bang Tango
3yMQ2HIVpgZHKLLBCBJ52e,Fuck With Myself,Banks
4Dbw1WDJ3uiwqQaSSCKbOM,Lovesick,Banks
2kKtO2tLWLc5Twza40TUff,Trainwreck,Banks
27mT3JdR3sRJyiMBFHdhB4,Waiting Game,Banks
3SdK9Yiyw8NkLOmt42oF5I,You Should Know Where I’m Coming From,Banks
29eSUWTaHCK25EPDNTk1hG,Fuck Em Only We Know,Banks
6QeIxGSHZPrHZxJOgYct9V,Fall Over,Banks
4j7ZH7OQoO1YeTYXEprd7t,As Time Goes By/Speak Low (Medley) - Live,Barbra Streisand
7JbhtYIlb7ltm7NhpsaQHA,The Second Barbra Streisand Album - Any Place I Hang My Hat Is Home,Barbra Streisand
7zVH7wiN9bRA4xIK3jKp0y,One More Time Around,Barbra Streisand
1ulK2UQuSEnzb2c6ZuzSTy,Something's Coming,Barbra Streisand
39VOLF5EX2gC3tQOHaY4VN,You're A Step In The Right Direction,Barbra Streisand
2zj2oanLv5B1RwlqIQYrOD,Promises,Barbra Streisand
2sK7EJ6ANJS3L08Ko5MZz3,Lullaby for Myself,Barbra Streisand
0ggwyUv1RVmnuc1QxgpCL6,My Father's Song,Barbra Streisand
3nrou6yaN9tesBaWjtUNQB,Widescreen,Barbra Streisand
1p6TeiaSGg17PTUR73amL2,"Summer Me, Winter Me",Barbra Streisand
6LVQN95MVvXSvDL5cgcHsJ,Where Am I Going?,Barbra Streisand
7yeRU3RlZrCRUntrSMNDso,Any Place I Hang My Hat Is Home,Barbra Streisand
5K9rTYmHLFUtPhzuI5xjwh,Get Back Up,Barenaked Ladies
07sAToqHsTyyYTpPCW4aso,Matter Of Time,Barenaked Ladies
6nMxcAfi9tSXKpAgXUn1S3,Globetrot,Barenaked Ladies
2zikicIjDdwAxm1SM1OHh1,Tired Of Fighting With You,Barenaked Ladies
7BRCr4LQ6pJohcBgBIGumm,Bad Day,Barenaked Ladies
1qEVsvh687UhCwmE9M6swP,Bull In A China Shop,Barenaked Ladies
6BR3mJnJcfaekKKsz1D5Hh,Jingle Bells,Barenaked Ladies
1DczLAiY3qSNUnbn7QusjB,Next Time,Barenaked Ladies
0qU21qJVhGc7MSxTUOLq9Y,She's on Time,Barenaked Ladies
39FCXYIisQikhDJNytim7B,Long Way Back Home,Barenaked Ladies
4hZktm1ZXdqlqrVnGBJLSd,Break Your Heart - Live,Barenaked Ladies
5HZMvd75tpfczP6UtA7K1H,I Know,Barenaked Ladies
5AM4rgAIfNpCB8aPWXYx9V,Break Your Heart,Barenaked Ladies
6fidnUJuj5VAULBUgfhNw5,You Will Be Waiting,Barenaked Ladies
7oR2quSsW5O7YmUC7HmwiV,Move Your Boogie Body,Barkays
6HoeFm6KlxMlFyeBSn0nsi,Our Worlds Collide,BarlowGirl
239y0S5Olgc56UHBoQRATA,Running Out of Time,BarlowGirl
4mI7l2sX93tHdDrjMQAUAJ,Time for You to Go,BarlowGirl
50rd6YhiiVxdDGnpE5fUMQ,Frosty the Snow Man,Barney
5abw2JtfnOcmEUrZfu8GA1,Walking In Memphis - The Voice Performance,Barrett Baber
6YV9eenxwmuHNQjrh7FOiN,Sailin' Away,Barry Goudreau
1df3lMCh8s38wJQOsUFDsB,Christmas Time is Here,Barry Manilow
1tsjg55jHtdSIZA8UBF7XA,Right Here Waiting,Barry Manilow
3OmWBtf6wSGnQdJFfR1pQo,Time After Time,Barry Manilow
0sr0u3WdkxcboqaidbOhCk,This Is Our Time!,Barry Manilow
7oBhxFqJhaODwlyGqOj1Uk,Tryin' to Get the Feeling Again,Barry Manilow
5eTdwJSzkX7s4oW8lmCJMr,Sentimental Journey,Barry Manilow
3mB6QQlmOutr4Jp3t5wf4v,I Can't Get Started,Barry Manilow
3RQseSgL1YvPOLJ1PAan4a,Where Does The Time Go?,Barry Manilow
2BXYlloVOOi4fLaF0a0IKc,Tryin' To Get The Feeling Again - Unreleased alternate take,Barry Manilow
5rQDIHYs4jDgh2HGpTmHev,All The Time - Digitally Remastered: 1992,Barry Manilow
6VNMw0iGeu0ZcfTlJc1MWK,I Don't Want To Walk Without You,Barry Manilow
4253T10n9JAQzQb2kxnnak,Please Don't Be Scared - Digitally Remastered: 1992,Barry Manilow
69tRT2xlfiYshNmtUHZZdd,Jingle Bells,Barry Manilow
31dUwU4AkUROM1j4Rt3FdN,Tryin' to Get the Feeling Again,Barry Manilow
6LhklV14ff9GHcPKimfjZb,Stay,Barry Manilow
4UIB51CVz4llFeHgXoU7T8,I Don't Want To Walk Without You - Digitally Remastered: 1998,Barry Manilow
5RaKY79MCyut8PEiU13YOA,There It Is,Barry White
3qB6QLEmlWkOZH0Vyf2Gdr,Victory In Jesus,Bart Millard
2U1o4m94J409IQ6Y3jPEii,Infinity,Bas
0K4e9NIV1jrA0BajMFzOgd,Infinity+2 (feat. Correy C),Bas
1IHjXOd1oQVKpexgsEOTJQ,Fiji Water In My Iron,Bas
6Oi5FTOvWeHiauCJ7uxZJN,Lit - Bonus,Bas
7BUrIix2BG7XkFIKfJpNVb,Wish,Basement
3w3KZ343t9dBtB4l3J7nsQ,Unicorn,Basement Jaxx
6trKi8aOHzBXCgSNdlX9Oa,Scars,Basement Jaxx
1QlS2y5kgwg7vqDBIFfzkz,Stay Close,Basement Jaxx
0uhyDrNXDwCxxJe9oNaN3E,Supersonic,Basement Jaxx
1J8UuOJ7QOsVztVS5zZwfh,Breakaway,Basement Jaxx
7fXUjFcNJU4mj0IwUG7Oxu,Third Time Lucky,Basia
2TbSymxTNIsw2XG1lakTZw,Time and Tide,Basia
1uxRALzAOL6MvG7nBNOlcr,Prime Time TV,Basia
77Kmg18LVm1oEMyEzTHNTx,How Dare You,Basia
6JfmjCGy7nYztlgmWrXdsE,TKO,Bassnectar
28vvAnm5q3Gh8ONaoBUO93,Pennywise Tribute,Bassnectar
0qwpBiu4uhW9hiQ6P4NePz,The Anchor,Bastille
6ZeQp2XTOiPCePWRfCHSo5,Oblivion,Bastille
6yV1DYYbx3Z4NoRnfPdZJc,There Was A Time (The Storm),Baton Rouge
5TizwsXlWz2D6f6mh6gXV3,Get over It,Battlecross
3eJIF3r4W2IhM70xIpphPR,Not Fair,Bayside
7gvaKeD009pBIP7DGmf6jK,Rumspringa (Return to Heartbreak Road),Bayside
7mtEawh5y46DxNVdehlphV,The Walking Wounded,Bayside
06Lrz6eyIROUC8JM0MylSO,Carry On,Bayside
4pabDIdwjv80lbsx7XcNwZ,Soarin,Bazzi
209feEZAfTcDcCyDbskob2,We're Taking Over,Bea Miller
3AJsTNjbYSH4odSmP1I6ox,Drunk In LA,Beach House
3pvmkjuacq6719H5su9ixl,Black Car,Beach House
4XhkzrZ25JQRKxnyI5NAoL,I Do Not Care for the Winter Sun,Beach House
0ZAhJvqW67Epg4IsLIaSTR,Zebra,Beach House
4Rlo7NPApLjjoEefxzDpVG,Silver Soul,Beach House
6SL4V935epiq0gafUnAa00,Walk in the Park,Beach House
4SsQFJmocv05ooJ2Aj1qAM,Real Love,Beach House
7K54eJJHfZZih2u5taVyhc,The Roller,Beady Eye
3hEjMuyL8KuZUHKOjX5Wf0,Greatness or Death,Beartooth
57SGVmGpFIvGKHWgxUo6rm,Manipulation,Beartooth
0qLMogpL6n41qhzmFJnhfS,The Lines,Beartooth
03jdl5GTBhKsgB1Yw8mVPh,In Between,Beartooth
1WJg8vRU9O799Sp9f77TDG,Time To Get Ill,Beastie Boys
77vcYxybStDEHeeWO1SiOm,Sure Shot - 2005 Remaster,Beastie Boys
35NvG75Mm4IqYFnm3EnOaG,Sabotage - 2005 Remaster,Beastie Boys
21REQ1bCUWphT2QK3bLWYQ,Sure Shot,Beastie Boys
0Puj4YlTm6xNzDDADXHMI9,Sabotage,Beastie Boys
2SOiMOSTTgwgcOFNgLVTV4,Sure Shot - 1999 - Remaster,Beastie Boys
7nVrcnXTkx8qyluCUjvpxE,Sabotage - 1999 - Remaster,Beastie Boys
5PzlbGuMYEBcEERlKrlGQM,The Brouhaha,Beastie Boys
1B09FZ5fuDiMPfk07Mz6NW,Instant Death - Remastered,Beastie Boys
2heXGGwnliO3LAdJ3xekNz,Transit Cop,Beastie Boys
4Kdg4ZYZZy3t1skHqBnWMW,Riot Fight,Beastie Boys
4PXJjX7PQGzCh4G5WR4Pli,Just A Little,Beau Brummels
03uFL1K1csKRcGGUePq5tf,My Heart,BeBe
4Of27nwjXcl2Pgo5VhnLQ5,Don't Get Any Closer,Bebe Rexha
0xtu9tJlzxiPfHF82g6Xrp,Grace,Bebe Rexha
1Ts8IWSSiDQidozSGbep6g,Count It All Joy,BeBe Winans
3CBIToSbQoEFNnEenH14xM,He's Coming Soon,BeBe Winans
1XFKhlyNNmhOSjJ3fA5qAz,Standing in Your Silence,Bebo Norman
2LJhMEdHmHXtzR8oJaNy3m,No Distraction,Beck
6aLmvz0CPeCNHCXK2H5QIC,Debra,Beck
2fFYSHhQdEwK6ninrmEPP8,Nobody's Fault But My Own,Beck
2ZU0q6m9REuXbr6No8xABJ,Sing It Again,Beck
5Xsh0pkYiWAg229MvUH4sD,Hotwax,Beck
6Opg2fwvYA3sZ4aiYO0COb,Tragedy,Bee Gees
4pNXoLABbONuAS0YSO00lS,Tragedy,Bee Gees
5xSHwbuwbeacib7VkIGU9D,Tragedy,Bee Gees
43ns9nZHcjXwiLe3uxYL6t,Warm Ride,Bee Gees
3KosVJ95aROD5wHqtqSYhb,Wind Of Change,Bee Gees
4o8sdTjxNc8LCbqnO6C1qJ,Tragedy,Bee Gees
1drKGiLibQp50IQfKyDKGQ,Kiss Of Life,Bee Gees
5SLmhHAclvfuQUlS8t80ft,Overnight,Bee Gees
0myxmqJXXImGNhmUY40MuB,Tragedy,Bee Gees
04g6PCoPTw8FxJVTDApvpK,Reaching Out,Bee Gees
38cwVzJI0gZQjOTOQAM7kz,Wind Of Change - Live Version,Bee Gees
6saSM77E5tk8r64mF4QJw6,Wind Of Change,Bee Gees
0NOyLxZULOG8PcQi4NfTEe,Trafalgar,Bee Gees
4CHcTA5Dcdvi3aSpNw3UU6,Black Diamond,Bee Gees
5TgN731qzgatK0iDQ219mL,Edison,Bee Gees
3l5tAlM0gw0OMIQSEIFEfR,Lamplight,Bee Gees
6VXYjY8ZZtnE8aQAjMzaIv,In My Own Time,Bee Gees
60LQWgAs4BDvhyp8kkdbRI,Really And Sincerely,Bee Gees
2oT03Zjxb70PMNTAHiVV3z,The Change Is Made,Bee Gees
0gU3Ua3FUI6WSZBwoUpxaq,Really And Sincerely - Mono,Bee Gees
6Gbfn4dzQjWqHMwot402Gz,The Change Is Made - Mono,Bee Gees
1EwELjVIkLOg01MUQd86sp,Party Hard,Beenie Man
0xwfDhU1YaXmNFnwhToFrT,Ora Pro Nobis Lucifer,Behemoth
42gEfzaXabxskXMAoRkLmD,Kriegsphilosophie,Behemoth
6pAxepprtKl7p9D8iBHX8E,Even the Dead Have Their Tasks,Being As An Ocean
4JvclO8lNugobD1afavcYS,Nantes,Beirut
1TC3YMnq0Wsh6z4AcwjJfZ,We Can Change,Belinda Carlisle
001wUOgo8t9VElHl45bxzr,Run,Bell Biv DeVoe
5WFYmaA7GlusYCu8lrA8lV,Nobody's Empire,Belle And Sebastian
78YiJNwPPdiW4rbdV2s97s,(I Believe In) Travellin' Light,Belle And Sebastian
1x1qYmLBY6VRIlXd1pLd3p,I Could Be Dreaming - BBC Session,Belle And Sebastian
6NUmPVDRYIV83iNUdr3ZL4,Funny Little Frog,Belle And Sebastian
3OMhzdWvCtjr3PNTFizYu9,Dear Catastrophe Waitress,Belle And Sebastian
3rXwlUxGX1iSuiS6A9obay,All For Me,Belly
7yftVJztKE7KPr5iBgYMyb,Don't Change Your Plans,Ben Folds
1tvoMiOqoNxm2mYC0C70Pq,House,Ben Folds
2DoQvLVP6DUPcec3TXZaGN,Free Coffee,Ben Folds
4f0yZJupE3kHQhU0qvrTca,Get Your Hands Off My Woman,Ben Folds
1dBJsOh7mIEhPYiA07NjPD,Dog,Ben Folds
3EMiK4gFtHp29G3IrFMxU8,Time,Ben Folds
0gkelByeIIx4jN3MNreEoF,Don't Change Your Plans,Ben Folds Five
7q23OMsgK72FQiK1SYY3Pl,One Angry Dwarf and 200 Solemn Faces,Ben Folds Five
5X6OJK849nLlLWXWv5m6YB,Waiting On A Sign,Ben Harper
0r4c4LcQskQ7sdHany1JUf,Serve Your Soul,Ben Harper
5lbighhxqQMdfrHj2lA8y7,Walk Away - Live,Ben Harper And The Innocent Criminals
7IhG4c8vA6D69uJyoL94c5,Murmurations,Ben Howard
1dS0M6sVLSZvKB5X1Bc3Bf,Criminal,Ben Jelen
0oB1Pmv0C0yQtsCmaxE1Kx,Fight,Ben Kweller
5IMezhaQgCXvr1uBdsBn68,Homeward Bound,Ben Kweller
33zutJ2Ud8XZY2pKSfUXa0,Run,Ben Kweller
1Yqovy9hlOeV91IY3Bhcf2,Drive,Ben Rector
2O4TQ9YMIRWJ8QooUUo2HM,When a Heart Breaks (Live),Ben Rector
0BajlJ7ScYbmXfaEoaBTUw,You and Me,Ben Rector
7zJnmSjZKjntHmOvEokGb3,Stay The Night,Benjamin Orr
2I2jlzaQLw69yF2v76QlbG,This Time Around,Benjamin Orr
3XiHctnuCGCKuq2YC1O6ZU,Haboglabotribin',Bernard Wright
0JlkfLogtdhH6hFUVDsSBs,All We Do,Berner
3oNUvyuV0HDwvIQvn7Qa8g,Casablanca,Bertie Higgins
5ADGNNEUAxOviyGqMeuIFy,Down at the Blue Moon,Bertie Higgins
5RoCLYCm8QUJgFeFqwKGpU,Fading Fast,Best Coast
6MfjYNHi5KVil0cjyvxqyR,Fade Away,Best Coast
1lru9BY79X7JnRelnz9Zr5,Our Deal,Best Coast
2FX5U6bbMwpy3VBn4sErbW,Fire On The Floor,Beth Hart
3pt95ri654ITg3CgqBuxy7,Paris Train,Beth Orton
76BHmT2sUm6yjo9TivNRda,Reckless Love (Spontaneous),Bethel Music
1h8OjoX94lp8npq80D6yLK,Take Courage (Live),Bethel Music
5Jogwn7uQFkNppYubFUyBz,You Came (Lazarus) [Live],Bethel Music
6175vpKRxCWJ5aEWvJXAsS,Mercy (Live),Bethel Music
7fMo86mEXb7LIiBGsdR7fz,We Step into Freedom (Live) [Spontaneous],Bethel Music
4fEDj4eNxhCGVT15qsHdVC,On A Slow Boat To China (with Barry Manilow),Bette Midler
2RZJOAh80bBsnhlpZGdW4G,Hurricane,Bette Midler
5SXQnuXUIKYFAH1CFBLOMX,Gonna Get Better,Better Than Ezra
5BLInRR4bXjwhUHNLEUI1S,Nightclubbing,Better Than Ezra
4UsEW9NXrbwq5kjB5QkFUN,Burned,Better Than Ezra
6YwT3sNIjxfe8KqWg3zLCV,Daylight,Better Than Ezra
3muI3IXGjzsOWNBMtUWiN2,It's Only Natural,Better Than Ezra
50rimSSBzAvRsLxyNKyE6f,King of New Orleans,Better Than Ezra
0Z7RxXEV6OrFdcsQ6RMvPa,Speeding up to Slow Down,Better Than Ezra
6VDv2GcdBGSROoGf0bZyfQ,This Time of Year,Better Than Ezra
3GK6U23RV7oo7aRw9ZtG1w,Fakin' Moves,Betty Wright
2ACqm4TJiPdDGqLrcAEXXj,No Time To Live,Bettye LaVette
5pbF2w5kM5gbsMQe6VtgZ8,The Grid,Between The Buried And Me
3uM9l2D6fW7gQrbm4Hzz5l,Us And Them,Between The Buried And Me
7v9PXD3c6laC2R4rMUIWU0,Territory,Between The Buried And Me
492wBdSvgrbjxHliQf1R6K,It's About Time for a Miracle,Beverly Crawford
63wKtmUg754umO8SglEL79,Jealous,Beyonce
49sXkAcR5LvOrtq5Qcn5cf,Superpower,Beyonce
6QFgpUiLoXlmYDjbe0tjyP,Start Over,Beyonce
6ILdAzTPqBKuamwwUZgpdi,We Came to Rawk,Big & Rich
0Z9YP4ntjcqlMCfgi5Eete,Wild West Show,Big & Rich
4gTMIyJJlSuB5BOhbMri6B,Rush,Big Audio
4L2q4Z3TTPNQLEvhp1JZe1,When The Time Comes,Big Audio
7pB7fE4fdmaYK3RP0GWO9x,Let It Roll Again,Big Bad Voodoo Daddy
1ueQKSa6WhBKoWaryjV8NQ,I'm Not Sleepin',Big Bad Voodoo Daddy
1Nrpn0TPX023rFeRayL5Po,Get Wit It (feat. Snoop Dogg),Big Boi
1tAFvq63jO3n9WaDCZPJNh,In A Big Country,Big Country
2LvW9oRq3NP1s3JHO4pe7T,Lost Patrol,Big Country
2r6rtbuNhIqnslRuU7DCid,Daddy's Home,Big Daddy Kane
0tPZeZY4bGXQdmVIPqo3xO,That's How I Did 'Em,Big Daddy Kane
6fZtjGdQFvJzInp0pL1HdB,Looks Like A Job For...,Big Daddy Kane
0lrDPgq6noN5qRkcycAiKC,The Beef Is On,Big Daddy Kane
4TOGCGzDa0SeGUE7v118PV,Stop Shammin',Big Daddy Kane
3fVSNiV1e3iAF2bJtDLULi,Niggaz Never Learn,Big Daddy Kane
1JEZM6X2spWy3ni68O5WVl,Down The Line,Big Daddy Kane
5VJykDnMgX9e3b6AreIFmx,Children R The Future,Big Daddy Kane
0cUdIgxc8bvI7VF7UtOe1t,"Young, Gifted And Black",Big Daddy Kane
6L0reMMEHvJsEX7kBo8Dm5,Set It Off,Big Daddy Kane
4vC1IhhSleQa81nbvE5Z8L,Stay,Big Daddy Weave
11tyPK6BsOHJAQtRDO74NV,The Glow (feat. Kimbra),Big Data
1LEts6yVIfK8kFM1SO1ZzQ,Get Some Freedom (feat. Dragonette),Big Data
7jVFODQGxTvxMoVXL1I9NK,Sick For Me (feat. Bear Hands),Big Data
1erl1XqkftPhI9spxYnJsv,Run for Your Life,Big Grams
5okZw3Og2H942o1cnXHefh,Greyhound,Big Head Todd And The Monsters
6eylOwvDbsaoeD642ON1Nb,Turn the Light Out,Big Head Todd And The Monsters
25FSYy5ox8ZXYzBCvTEKLd,Aux Cord,Big K.R.I.T.
2nO7xlyXdTiqhoIinRcEkv,Pull Up,Big K.R.I.T.
5LZ4d69L4TK8hVyh2q7YEJ,8 Iz Enuff,Big L
6f2xulX5HzsHMMh9BWUS7g,All Black,Big L
0kU9oWqYnPeqEca3x2auV9,Danger Zone,Big L
6oDkZAaiRi6hNVSNAzdu5x,S.U.C.,Big Moe
2n9qCxMo8q1d5u28A4lL1E,Cash,Big Moe
6BAHO3EUSukVaBx1AhDp3p,We Won't Stop,Big Moe
3lGPzy6HImPlONnrjOaIkU,Parlay,Big Moe
0B8drtTSp68pZdkmVrG9ZA,Twinz (Deep Cover 98),Big Punisher
0Fv5N0cHBsl4bzCbollCAS,Moves,Big Sean
7yoe9vbbzakNAXwb1UaWLS,Same Time Pt. 1,Big Sean
5Pd7oO5U5fP9lXUjeUFMxi,Toyota Music,Big Sean
3mePeLKszLpXgHg3DmkfEd,Get It (DT),Big Sean
3mahf3jjHZZ9YWhCrKvQHH,Get Up,Big Time Rush
0y7J4TmOSumt19dpvCa4hd,I'll Take You There,Big Tymers
4jezTHqdRpYKxSi3HIRYfC,To Be Played,Big Tymers
563vSy3HB5NHxel1VGQCW6,Still Fly,Big Tymers
6OcA725mqoM43oW46FQFOo,Playboy (Don't Hate Me),Big Tymers
0QIRm9sUkGnezGznkWCqCo,BANG BANG BANG,BIGBANG
65BcTm7I5vlXhZUCZGKpOB,Winning Hand,Bilal
35P515aTy9VDTDDw1hn0q3,'Til The Storm Passes By,Bill & Gloria Gaither And Their Homecoming Friends
2lRREWuNBSgkF6T9Ua1KSc,I Call Him Lord,Bill & Gloria Gaither And Their Homecoming Friends
2jeDpSUdOjS6GdLHoT5epM,Mighty One Of Israel,Bill & Gloria Gaither And Their Homecoming Friends
6DPO9l6jOcIzmBkKC9d8lA,"One, Two, Button Your Shoe",Billie Holiday
4wtHbIS26FOtpjMkaQQ8Zk,Kiss The Rain,Billie Myers
2f8lhKaz8ZyP4dtdqIP2o9,First Time,Billie Myers
259G3Jsb3cerNiYS05rPEK,Waiting for the Great Leap Forwards,Billy Bragg
79kLWcMkarxzjncP1OvGtC,Walk On,Billy Currington
6OBEKRzRArlRCfHmBn6tYP,That Changes Everything,Billy Currington
39m0ayHCtPPxe6kPdbYabb,Lucille,Billy Currington
4oYwtBWElDwpijk0SKieuJ,Leavin' Line,Billy Dean
0GNsSZGj5ZtwzWnphy2XuN,Bye Bye Love - The Voice Performance,Billy Gilman
5hllKY6LYuzNboSNBmFyCx,Can't Break Me Down,Billy Idol
4TK9f8QffATehso88Tbght,To Be A Lover - Remastered,Billy Idol
5QqsMW3K0YYl96L8DGoH0D,John Wayne,Billy Idol
1MifBTiLYy5bwQSx7fQC1V,Venus,Billy Idol
2itcWSXgY2DseFhuSz2vpn,To Be A Lover - Mother Of Mercy Mix / 2002 Digital Remaster,Billy Idol
4nBzre6D0UrQFj1s8z45e1,To Be A Lover,Billy Idol
6yASY82nFjAabWh8b7rZ9e,Shooting Stars,Billy Idol
38bDGWuyYdSdNfrFfbCiVS,We Didn't Start the Fire,Billy Joel
0IcFhAtZQqCgdv4ugyjQZx,Leningrad,Billy Joel
2yMwBJ0GWalAbbzNKMy7dV,We Didn't Start the Fire,Billy Joel
50TNLI8jqFTUiKfWeLNFmq,Getting Closer - Alternate Version,Billy Joel
2CqCXMMHuziMwJzRl590FV,Heartbreak Hotel - from 'Honeymoon in Vegas' OST,Billy Joel
3Cx4yrFaX8CeHwBMReOWXI,We Didn't Start the Fire,Billy Joel
2A1KO4Ws3chY35sUFJGSlD,Storm Front,Billy Joel
5P9EZpsQy7pBrxosDozOgZ,Leningrad,Billy Joel
6rEJ6ncZKq9EM3TwyMhTDo,Get It Right the First Time,Billy Joel
16pAbiMkndkwdat7nfU4dP,Roberta,Billy Joel
130GFuAtJzRKtye6dQguFy,Last of the Big Time Spenders,Billy Joel
3v8vsQfMQio7ohYqFrEsaZ,"Get Outta My Dreams, Get into My Car",Billy Ocean
3PwwRQRDvqn69cwYnjO7f8,"When the Going Gets Tough, the Tough Get Going",Billy Ocean
3tT3CqBYG3peXXZx7xZUx9,When the Going Gets Tough - Extended Version,Billy Ocean
2x2vPrqenRqbXHBFmjs1w1,Flying By,Billy Ray Cyrus
6Zhx7F4hD98MQERjvwbAkx,Roll Me Over,Billy Ray Cyrus
6bXukFSBNNmSr20cJg5Ovt,Only Time Will Tell,Billy Ray Cyrus
63KtCC9BfiBl6PZh3iL3Mw,Young At Heart,Billy Squier
5KoXLmspYL4qBmFQ7wgKPJ,Hands Of Seduction,Billy Squier
36s102MS0kvo08MylZaFrf,Shot O' Love,Billy Squier
5eqTvP4fooKYTc9LdmrpdT,All Night Long,Billy Squier
1umE3IFp1OTf8IHfrLxlsO,Can't Get Next To You,Billy Squier
52KvuGmgcgRdrLMXOtda0E,The Stroke - Remastered,Billy Squier
2hLB8P5TOz1lr7IzRCkXyi,The Girl From Ipanema,Billy Strange
27GTUj53TH9Bmk2aMroFUT,Stand up and Run,Billy Talent
35MqcEIVZ7svbBpRt4N30g,Frosty The Snowman - Remastered 2006,Bing Crosby
19CRc4bJxiA8Z8gRljQzlX,Frosty The Snowman - Remastered,Bing Crosby
5xL3CP43n9gr7yxr5RdGgW,Breakdown,Biohazard
4MrLiT6XjaW78cmsI1C8UQ,Dogs Of War,Biohazard
4v7UWmUWZn1ld6DXm2heeP,Failed Territory,Biohazard
0yfzWppiWvGlz8Y9Cin6d4,Grind,Birdman
64QokpzJdgLfySLb09i1H2,Loyalty,Birdman & Lil Wayne
1YTYCwwYkg1jE709hF8Nah,Know What I'm Doin',Birdman & Lil Wayne
6aeNuqAB8YFxVPWkI7ffmm,The District Sleeps Alone Tonight,Birdy
22VDMWFddHvUUoJEqXVUfc,A Path in the Sea,Bishop T.D. Jakes And The Potter's House Mass Choir
5t3eNDx3Vt5q0oiA9Pmuc2,One Chance,Bizarre
0frGPuiJ7WGRThvkSY8fdk,Ride Out,BIzzle
5wxiyAEVzPR8LEtpPW6GWA,Soul Deep,BIzzle
6judCb8oKOr0XIXeSDyU9Z,Tomorrow (No Win),BIzzle
5Z6AWfg7A6Wa4Q5eXg83vb,Money,Bizzy Bone
3AEB5oH01EvVkvHoumsro9,When We Ride,Bizzy Bone
10d9y1mBy5NTLeDLZy2A8h,Army of Me,Bjork
4Tm3DIvEevbewBUgAdaKqD,Pneumonia,Bjork
5y4sXXo1WgexYzy68V6lIL,Desired Constellation,Bjork
0Fou0PHPnNQnBDVytpfstY,Cvalda,Bjork
3vEmpJQC2p8h0U3OiBufQm,Army of Me,Bjork
39G3Gr9yS2McvuiNlI2slJ,This Is Your Time,Black Country Communion
2DXPnTejYkEdbRFAYnHBo5,Crawl,Black Country Communion
6XetDleVJnCxOZK2ILx4b5,Hit The Heartbrakes,Black Kids
5UWwR3iNzF2cn4hS0M5Syv,Damn the Flood,Black Label Society
6AyO7Kms98eMEMI95yHyVL,Time Waits For No One,Black Label Society
6mG3NfLlybnLQ1wB7oPkF2,Been A Long Time,Black Label Society
31IftI9jhNj0jHR2eRw7AS,Destruction Overdrive,Black Label Society
1ogEnN8m4EaPj5nHIElyA3,Lords of Destruction,Black Label Society
51ZA5UDPDDxHZ6cHukh8dN,Demise of Sanity,Black Label Society
2nEEXBhjnTR0RN3AxCzBPv,Life / Birth / Blood / Doom,Black Label Society
2zuae8BxB3Hnrr7t39zfbf,Drive-By Buddy,Black Lips
5sQaGZdT80llXhCXAvLN59,Waiting,Black Lips
0qMXSQ5VEbdkWM5niXSSpA,Mr. Driver,Black Lips
3CTPWfLghClm9zdK6tpz2A,Go Out And Get It,Black Lips
3zWFwoW2tw2aWz28SYYdap,Time,Black Lips
1XTJDpy9Rr7iuQCrCxEzB6,You Keep On Running,Black Lips
2gKIhQdKavhi9fQcnFOS34,Throw Your Hands in the Air,Black Moon
4poJCuewqqpGVaaas2fPR3,Radiant Hearts,Black Mountain
6cJhk7H8SQj4rzZmRVnK0A,Rollercoaster,Black Mountain
6o626zxN05gvUGROhyEs9K,Let Spirits Ride,Black Mountain
0JEiLRIwYLxM9hziJzYiBM,Get Wise To The Rise,Black 'N Blue
3c6lggLFB8DOlCPUtqpcEh,Great Guns Of Fire,Black 'N Blue
5s3U5c9nJwu5DSdVVZfKwf,Get Wise To The Rise,Black 'N Blue
4bU8no2nYYTADyzmFHFIkA,Stuck in a Moment You Can't Get Out of (Live),Black Pearl
5l2ObjTmf4O57fSdZUrtgb,Returning,Black Rebel Motorcycle Club
5lNZjzvI7jZgpgMllnCAhp,Hate the Taste,Black Rebel Motorcycle Club
2PVEHQ6W6zohrbHnZwb1Ls,And I'm Aching,Black Rebel Motorcycle Club
0znx9goRuMC0t9SD8uSKvE,Heart And Soul,Black Rebel Motorcycle Club
7BwC9KrI5yDGbkf9HgXn1V,The Verdict,Black Rob
3bN23VVUXKNb64KakUWUbs,You Don't Know Me (feat. Joe Hooker),Black Rob
1Q7wW9kZTBqM0YNq4dhatb,I Dare You (feat. Joe Hooker),Black Rob
2rd9ETlulTbz6BYZcdvIE1,War Pigs / Luke's Wall - 2012 Remaster,Black Sabbath
